{
	"Act0":
	{
		"actif":1,
		"inverted":0,
		"temporal":0,
		"low":[20,0,0,0],
		"high":[30,0,0,0],
		"type":["Temperature",""]
	},

	"Act1":
	{
		"actif":1,
		"inverted":1,
		"temporal":0,
		"low":[20,5000,0,0],
		"high":[30,2000,0,0],
		"type":["Temperature",""]
	},

	"Act2":
	{
		"actif":1,
		"inverted":0,
		"temporal":1,
		"low":[20,3000,0,0],
		"high":[30,5000,0,0],
		"type":["Temperature",""]
	},

	"Act3":
	{
		"actif":1,
		"inverted":0,
		"temporal":1,
		"low":[20,0,13,0],
		"high":[30,0,12,0],
		"type":["Temperature","hour"]
	},

	"Act4":
	{
		"actif":1,
		"inverted":0,
		"temporal":1,
		"low":[20,5000,0,59],
		"high":[30,2000,0,40],
		"type":["temperature","minute"]
	},

	"Act5":
	{
		"actif":1,
		"inverted":0,
		"temporal":1,
		"low":[20,5000,13,55],
		"high":[30,2000,12,45],
		"type":["temperature","hourMinute"]
	},

	"Act6":
	{
		"actif":0,
		"inverted":0,
		"temporal":0,
		"low":[20,5000,18],
		"high":[30,2000,17],
		"type":["temperature","hour"]
	},

	"Act7":
	{
		"actif":0,
		"inverted":0,
		"temporal":0,
		"low":[20,5000,18],
		"high":[30,2000,17],
		"type":["temperature","hour"]
	}


}


